{
  "model": "EleutherAI/gpt-neo-2.7B",
  "dataset": "WikiMIA_length32",
  "n_samples": 776,
  "seed": 42,
  "timestamp": "2025-12-01T21:17:58.715889",
  "methods": {
    "ensemble_fixed": {
      "auroc": 0.6766305972379985,
      "fpr95": 0.9048843187660668,
      "tpr05": 0.12919896640826872,
      "cohens_d": 0.5974199175834656
    },
    "ensemble_robust": {
      "auroc": 0.6648798017842079,
      "fpr95": 0.8791773778920309,
      "tpr05": 0.13695090439276486,
      "cohens_d": 0.5701007843017578
    },
    "entropy_mean": {
      "auroc": 0.5411012136067436,
      "fpr95": 0.9460154241645244,
      "tpr05": 0.06976744186046512,
      "cohens_d": 0.15953239798545837
    },
    "entropy_select_20": {
      "auroc": 0.4813608072112287,
      "fpr95": 0.9485861182519281,
      "tpr05": 0.03875968992248062,
      "cohens_d": 0.015427597798407078
    },
    "entropy_select_30": {
      "auroc": 0.5177723308290655,
      "fpr95": 0.9383033419023136,
      "tpr05": 0.04392764857881137,
      "cohens_d": 0.08706028759479523
    },
    "entropy_select_40": {
      "auroc": 0.5497631905834214,
      "fpr95": 0.910025706940874,
      "tpr05": 0.06201550387596899,
      "cohens_d": 0.17439797520637512
    },
    "entropy_weighted": {
      "auroc": 0.5569106501132567,
      "fpr95": 0.922879177377892,
      "tpr05": 0.06459948320413436,
      "cohens_d": 0.07122448831796646
    },
    "entropy_weighted_mink_20": {
      "auroc": 0.6315737031944362,
      "fpr95": 0.9203084832904884,
      "tpr05": 0.14470284237726097,
      "cohens_d": 0.25728562474250793
    },
    "entropy_weighted_mink_30": {
      "auroc": 0.6218555495771971,
      "fpr95": 0.9280205655526992,
      "tpr05": 0.10077519379844961,
      "cohens_d": 0.25067323446273804
    },
    "entropy_weighted_mink_40": {
      "auroc": 0.6032827829922347,
      "fpr95": 0.9280205655526992,
      "tpr05": 0.11627906976744186,
      "cohens_d": 0.16447821259498596
    },
    "gradient_selected_20": {
      "auroc": 0.6714327467899537,
      "fpr95": 0.8766066838046273,
      "tpr05": 0.1421188630490956,
      "cohens_d": 0.5855187773704529
    },
    "gradient_selected_30": {
      "auroc": 0.6760759384361943,
      "fpr95": 0.9023136246786633,
      "tpr05": 0.12144702842377261,
      "cohens_d": 0.5940455198287964
    },
    "gradient_weighted": {
      "auroc": 0.6305839527576839,
      "fpr95": 0.8894601542416453,
      "tpr05": 0.07751937984496124,
      "cohens_d": 0.42554545402526855
    },
    "loss": {
      "auroc": 0.618763409789894,
      "fpr95": 0.9331619537275064,
      "tpr05": 0.1524547803617571,
      "cohens_d": 0.4097217517272338
    },
    "low_entropy_only": {
      "auroc": 0.5576479809755353,
      "fpr95": 0.910025706940874,
      "tpr05": 0.08010335917312661,
      "cohens_d": 0.2223333865404129
    },
    "median_20": {
      "auroc": 0.6278903701932339,
      "fpr95": 0.8894601542416453,
      "tpr05": 0.1524547803617571,
      "cohens_d": 0.45461133122444153
    },
    "median_30": {
      "auroc": 0.6207894090060646,
      "fpr95": 0.9151670951156813,
      "tpr05": 0.12144702842377261,
      "cohens_d": 0.42578092217445374
    },
    "median_40": {
      "auroc": 0.628252393003992,
      "fpr95": 0.9048843187660668,
      "tpr05": 0.11627906976744186,
      "cohens_d": 0.43809837102890015
    },
    "mink_pp_10": {
      "auroc": 0.6631892548972719,
      "fpr95": 0.8740359897172236,
      "tpr05": 0.12403100775193798,
      "cohens_d": 0.5359134078025818
    },
    "mink_pp_20": {
      "auroc": 0.6713198222434786,
      "fpr95": 0.8766066838046273,
      "tpr05": 0.1421188630490956,
      "cohens_d": 0.5851547718048096
    },
    "mink_pp_30": {
      "auroc": 0.6757869844496257,
      "fpr95": 0.9023136246786633,
      "tpr05": 0.12144702842377261,
      "cohens_d": 0.5931851267814636
    },
    "mink_pp_40": {
      "auroc": 0.6806427399480548,
      "fpr95": 0.8997429305912596,
      "tpr05": 0.14470284237726097,
      "cohens_d": 0.605370283126831
    },
    "mink_pp_50": {
      "auroc": 0.6787064161070259,
      "fpr95": 0.9023136246786633,
      "tpr05": 0.1343669250645995,
      "cohens_d": 0.5965111255645752
    },
    "standard_mean_20": {
      "auroc": 0.6713198222434786,
      "fpr95": 0.8766066838046273,
      "tpr05": 0.1421188630490956,
      "cohens_d": 0.5851547718048096
    },
    "standard_mean_30": {
      "auroc": 0.6757869844496257,
      "fpr95": 0.9023136246786633,
      "tpr05": 0.12144702842377261,
      "cohens_d": 0.5931851267814636
    },
    "standard_mean_40": {
      "auroc": 0.6806427399480548,
      "fpr95": 0.8997429305912596,
      "tpr05": 0.14470284237726097,
      "cohens_d": 0.605370283126831
    },
    "tokenflow": {
      "auroc": 0.6621031864649967,
      "fpr95": 0.910025706940874,
      "tpr05": 0.13695090439276486,
      "cohens_d": 0.5602620244026184
    },
    "trimmed_mean_20": {
      "auroc": 0.6578950864537043,
      "fpr95": 0.8611825192802056,
      "tpr05": 0.14728682170542637,
      "cohens_d": 0.560102641582489
    },
    "trimmed_mean_30": {
      "auroc": 0.6621031864649967,
      "fpr95": 0.910025706940874,
      "tpr05": 0.13695090439276486,
      "cohens_d": 0.5602620244026184
    },
    "trimmed_mean_40": {
      "auroc": 0.6674438532512306,
      "fpr95": 0.897172236503856,
      "tpr05": 0.12919896640826872,
      "cohens_d": 0.5697913765907288
    },
    "winsorized_mean_20": {
      "auroc": 0.667125007472948,
      "fpr95": 0.8611825192802056,
      "tpr05": 0.1343669250645995,
      "cohens_d": 0.5878037138167871
    },
    "winsorized_mean_30": {
      "auroc": 0.6673209647741841,
      "fpr95": 0.8791773778920309,
      "tpr05": 0.13695090439276486,
      "cohens_d": 0.5791861712265921
    },
    "winsorized_mean_40": {
      "auroc": 0.6672047189175185,
      "fpr95": 0.9074550128534704,
      "tpr05": 0.14470284237726097,
      "cohens_d": 0.5691293959066294
    },
    "z_div_entropy": {
      "auroc": 0.5949064386919353,
      "fpr95": 0.9562982005141388,
      "tpr05": 0.08010335917312661,
      "cohens_d": 0.06291819363832474
    },
    "zlib": {
      "auroc": 0.6242668207754596,
      "fpr95": 0.910025706940874,
      "tpr05": 0.14728682170542637,
      "cohens_d": 0.4407492479689105
    }
  }
}