{
  "model": "facebook/opt-2.7b",
  "dataset": "WikiMIA_length32",
  "n_samples": 776,
  "seed": 42,
  "timestamp": "2025-12-01T21:24:29.401125",
  "methods": {
    "ensemble_fixed": {
      "auroc": 0.6286575928472264,
      "fpr95": 0.910025706940874,
      "tpr05": 0.11886304909560723,
      "cohens_d": 0.35175544023513794
    },
    "ensemble_robust": {
      "auroc": 0.6288834419401765,
      "fpr95": 0.9023136246786633,
      "tpr05": 0.10077519379844961,
      "cohens_d": 0.408071368932724
    },
    "entropy_mean": {
      "auroc": 0.5368765070444989,
      "fpr95": 0.9511568123393316,
      "tpr05": 0.08527131782945736,
      "cohens_d": 0.13655322790145874
    },
    "entropy_select_20": {
      "auroc": 0.5143746305042413,
      "fpr95": 0.9562982005141388,
      "tpr05": 0.025839793281653745,
      "cohens_d": 0.01567317172884941
    },
    "entropy_select_30": {
      "auroc": 0.5296626213108547,
      "fpr95": 0.9357326478149101,
      "tpr05": 0.059431524547803614,
      "cohens_d": 0.0410323441028595
    },
    "entropy_select_40": {
      "auroc": 0.5300943916356123,
      "fpr95": 0.9357326478149101,
      "tpr05": 0.025839793281653745,
      "cohens_d": 0.07472474128007889
    },
    "entropy_weighted": {
      "auroc": 0.5544130248500428,
      "fpr95": 0.9511568123393316,
      "tpr05": 0.07235142118863049,
      "cohens_d": -0.05226413533091545
    },
    "entropy_weighted_mink_20": {
      "auroc": 0.6110081504952074,
      "fpr95": 0.974293059125964,
      "tpr05": 0.05426356589147287,
      "cohens_d": 0.05042053759098053
    },
    "entropy_weighted_mink_30": {
      "auroc": 0.5852679965192669,
      "fpr95": 0.9562982005141388,
      "tpr05": 0.07235142118863049,
      "cohens_d": 0.06796964257955551
    },
    "entropy_weighted_mink_40": {
      "auroc": 0.5821393223198688,
      "fpr95": 0.9408740359897172,
      "tpr05": 0.10594315245478036,
      "cohens_d": -0.02714650146663189
    },
    "gradient_selected_20": {
      "auroc": 0.6323741389503331,
      "fpr95": 0.910025706940874,
      "tpr05": 0.09819121447028424,
      "cohens_d": 0.3518165349960327
    },
    "gradient_selected_30": {
      "auroc": 0.6252532499020215,
      "fpr95": 0.9125964010282777,
      "tpr05": 0.11627906976744186,
      "cohens_d": 0.34934404492378235
    },
    "gradient_weighted": {
      "auroc": 0.5756627674485031,
      "fpr95": 0.9074550128534704,
      "tpr05": 0.046511627906976744,
      "cohens_d": 0.2087634801864624
    },
    "loss": {
      "auroc": 0.5821991059032967,
      "fpr95": 0.9357326478149101,
      "tpr05": 0.10852713178294573,
      "cohens_d": 0.2880376575196129
    },
    "low_entropy_only": {
      "auroc": 0.5408487940322698,
      "fpr95": 0.9331619537275064,
      "tpr05": 0.041343669250646,
      "cohens_d": 0.1091022863984108
    },
    "median_20": {
      "auroc": 0.6031565732049979,
      "fpr95": 0.9177377892030848,
      "tpr05": 0.082687338501292,
      "cohens_d": 0.3215329051017761
    },
    "median_30": {
      "auroc": 0.5905854141341677,
      "fpr95": 0.9254498714652957,
      "tpr05": 0.046511627906976744,
      "cohens_d": 0.2799440026283264
    },
    "median_40": {
      "auroc": 0.5668015118603987,
      "fpr95": 0.9151670951156813,
      "tpr05": 0.059431524547803614,
      "cohens_d": 0.21946583688259125
    },
    "mink_pp_10": {
      "auroc": 0.6353367476402092,
      "fpr95": 0.9280205655526992,
      "tpr05": 0.09819121447028424,
      "cohens_d": 0.31840264797210693
    },
    "mink_pp_20": {
      "auroc": 0.6321350046166211,
      "fpr95": 0.9125964010282777,
      "tpr05": 0.09560723514211886,
      "cohens_d": 0.3505886495113373
    },
    "mink_pp_30": {
      "auroc": 0.6256551284350651,
      "fpr95": 0.9125964010282777,
      "tpr05": 0.11886304909560723,
      "cohens_d": 0.34963536262512207
    },
    "mink_pp_40": {
      "auroc": 0.6219950446051957,
      "fpr95": 0.9151670951156813,
      "tpr05": 0.12661498708010335,
      "cohens_d": 0.34740856289863586
    },
    "mink_pp_50": {
      "auroc": 0.6215101333173911,
      "fpr95": 0.8920308483290489,
      "tpr05": 0.10594315245478036,
      "cohens_d": 0.3479638695716858
    },
    "standard_mean_20": {
      "auroc": 0.6321350046166211,
      "fpr95": 0.9125964010282777,
      "tpr05": 0.09560723514211886,
      "cohens_d": 0.3505886495113373
    },
    "standard_mean_30": {
      "auroc": 0.6256551284350651,
      "fpr95": 0.9125964010282777,
      "tpr05": 0.11886304909560723,
      "cohens_d": 0.34963536262512207
    },
    "standard_mean_40": {
      "auroc": 0.6219950446051957,
      "fpr95": 0.9151670951156813,
      "tpr05": 0.12661498708010335,
      "cohens_d": 0.34740856289863586
    },
    "tokenflow": {
      "auroc": 0.6242933912569831,
      "fpr95": 0.9151670951156813,
      "tpr05": 0.10077519379844961,
      "cohens_d": 0.39317554235458374
    },
    "trimmed_mean_20": {
      "auroc": 0.6359246195439177,
      "fpr95": 0.9048843187660668,
      "tpr05": 0.09302325581395349,
      "cohens_d": 0.43283119797706604
    },
    "trimmed_mean_30": {
      "auroc": 0.6242933912569831,
      "fpr95": 0.9151670951156813,
      "tpr05": 0.10077519379844961,
      "cohens_d": 0.39317554235458374
    },
    "trimmed_mean_40": {
      "auroc": 0.6165514172030583,
      "fpr95": 0.8946015424164524,
      "tpr05": 0.09043927648578812,
      "cohens_d": 0.3718303442001343
    },
    "winsorized_mean_20": {
      "auroc": 0.6408999422092028,
      "fpr95": 0.884318766066838,
      "tpr05": 0.09560723514211886,
      "cohens_d": 0.4247493225348871
    },
    "winsorized_mean_30": {
      "auroc": 0.629687199006264,
      "fpr95": 0.9023136246786633,
      "tpr05": 0.10852713178294573,
      "cohens_d": 0.41037812493213494
    },
    "winsorized_mean_40": {
      "auroc": 0.6207794450754933,
      "fpr95": 0.8946015424164524,
      "tpr05": 0.09302325581395349,
      "cohens_d": 0.38546326108697687
    },
    "z_div_entropy": {
      "auroc": 0.5647887978849897,
      "fpr95": 0.9588688946015425,
      "tpr05": 0.05167958656330749,
      "cohens_d": -0.042435817420482635
    },
    "zlib": {
      "auroc": 0.5947735862843174,
      "fpr95": 0.8946015424164524,
      "tpr05": 0.11886304909560723,
      "cohens_d": 0.3404540413249243
    }
  }
}