{
  "model": "state-spaces/mamba-1.4b-hf",
  "dataset": "WikiMIA_length32",
  "n_samples": 776,
  "seed": 42,
  "timestamp": "2025-12-01T21:25:04.207091",
  "methods": {
    "ensemble_fixed": {
      "auroc": 0.6654045687942981,
      "fpr95": 0.8277634961439588,
      "tpr05": 0.11886304909560723,
      "cohens_d": 0.5408342480659485
    },
    "ensemble_robust": {
      "auroc": 0.661199790093196,
      "fpr95": 0.8611825192802056,
      "tpr05": 0.11369509043927649,
      "cohens_d": 0.5578219890594482
    },
    "entropy_mean": {
      "auroc": 0.5371355692393535,
      "fpr95": 0.9331619537275064,
      "tpr05": 0.06459948320413436,
      "cohens_d": 0.1354903131723404
    },
    "entropy_select_20": {
      "auroc": 0.5010129996080854,
      "fpr95": 0.9074550128534704,
      "tpr05": 0.046511627906976744,
      "cohens_d": 0.11943173408508301
    },
    "entropy_select_30": {
      "auroc": 0.5062739549497486,
      "fpr95": 0.8997429305912596,
      "tpr05": 0.015503875968992248,
      "cohens_d": 0.10700046271085739
    },
    "entropy_select_40": {
      "auroc": 0.5413536331812173,
      "fpr95": 0.922879177377892,
      "tpr05": 0.05426356589147287,
      "cohens_d": 0.1640646755695343
    },
    "entropy_weighted": {
      "auroc": 0.5500089675375142,
      "fpr95": 0.8946015424164524,
      "tpr05": 0.07493540051679587,
      "cohens_d": 0.13542389869689941
    },
    "entropy_weighted_mink_20": {
      "auroc": 0.6274752064194283,
      "fpr95": 0.9331619537275064,
      "tpr05": 0.10852713178294573,
      "cohens_d": 0.2151452898979187
    },
    "entropy_weighted_mink_30": {
      "auroc": 0.620267963306165,
      "fpr95": 0.8766066838046273,
      "tpr05": 0.082687338501292,
      "cohens_d": 0.4070207178592682
    },
    "entropy_weighted_mink_40": {
      "auroc": 0.5979753293079054,
      "fpr95": 0.9048843187660668,
      "tpr05": 0.08785529715762273,
      "cohens_d": 0.2556484639644623
    },
    "gradient_selected_20": {
      "auroc": 0.663511421985745,
      "fpr95": 0.8586118251928021,
      "tpr05": 0.1111111111111111,
      "cohens_d": 0.5235238671302795
    },
    "gradient_selected_30": {
      "auroc": 0.6643118577416419,
      "fpr95": 0.8277634961439588,
      "tpr05": 0.11886304909560723,
      "cohens_d": 0.5459191203117371
    },
    "gradient_weighted": {
      "auroc": 0.6409397979314879,
      "fpr95": 0.8688946015424165,
      "tpr05": 0.06201550387596899,
      "cohens_d": 0.4609534442424774
    },
    "loss": {
      "auroc": 0.6094006363630324,
      "fpr95": 0.9048843187660668,
      "tpr05": 0.13695090439276486,
      "cohens_d": 0.38349002233067947
    },
    "low_entropy_only": {
      "auroc": 0.5567711550852581,
      "fpr95": 0.9023136246786633,
      "tpr05": 0.04392764857881137,
      "cohens_d": 0.19192098081111908
    },
    "median_20": {
      "auroc": 0.6413914961173883,
      "fpr95": 0.8997429305912596,
      "tpr05": 0.1343669250645995,
      "cohens_d": 0.4841269254684448
    },
    "median_30": {
      "auroc": 0.6288767993197957,
      "fpr95": 0.910025706940874,
      "tpr05": 0.13953488372093023,
      "cohens_d": 0.4588788151741028
    },
    "median_40": {
      "auroc": 0.6190988621191288,
      "fpr95": 0.9125964010282777,
      "tpr05": 0.06718346253229975,
      "cohens_d": 0.40388819575309753
    },
    "mink_pp_10": {
      "auroc": 0.6500999714367324,
      "fpr95": 0.8560411311053985,
      "tpr05": 0.10594315245478036,
      "cohens_d": 0.43380704522132874
    },
    "mink_pp_20": {
      "auroc": 0.6633121433743183,
      "fpr95": 0.8586118251928021,
      "tpr05": 0.10594315245478036,
      "cohens_d": 0.5230487585067749
    },
    "mink_pp_30": {
      "auroc": 0.6644081757371648,
      "fpr95": 0.8277634961439588,
      "tpr05": 0.11369509043927649,
      "cohens_d": 0.5455353260040283
    },
    "mink_pp_40": {
      "auroc": 0.6668061616946652,
      "fpr95": 0.8277634961439588,
      "tpr05": 0.11627906976744186,
      "cohens_d": 0.5492531061172485
    },
    "mink_pp_50": {
      "auroc": 0.665823053878294,
      "fpr95": 0.8354755784061697,
      "tpr05": 0.12403100775193798,
      "cohens_d": 0.5501275658607483
    },
    "standard_mean_20": {
      "auroc": 0.6633121433743183,
      "fpr95": 0.8586118251928021,
      "tpr05": 0.10594315245478036,
      "cohens_d": 0.5230487585067749
    },
    "standard_mean_30": {
      "auroc": 0.6644081757371648,
      "fpr95": 0.8277634961439588,
      "tpr05": 0.11369509043927649,
      "cohens_d": 0.5455353260040283
    },
    "standard_mean_40": {
      "auroc": 0.6668061616946652,
      "fpr95": 0.8277634961439588,
      "tpr05": 0.11627906976744186,
      "cohens_d": 0.5492531061172485
    },
    "tokenflow": {
      "auroc": 0.659253502321596,
      "fpr95": 0.8586118251928021,
      "tpr05": 0.1111111111111111,
      "cohens_d": 0.5541650056838989
    },
    "trimmed_mean_20": {
      "auroc": 0.6620699733630923,
      "fpr95": 0.8740359897172236,
      "tpr05": 0.11627906976744186,
      "cohens_d": 0.5569734573364258
    },
    "trimmed_mean_30": {
      "auroc": 0.659253502321596,
      "fpr95": 0.8586118251928021,
      "tpr05": 0.1111111111111111,
      "cohens_d": 0.5541650056838989
    },
    "trimmed_mean_40": {
      "auroc": 0.6550620088612555,
      "fpr95": 0.8688946015424165,
      "tpr05": 0.11627906976744186,
      "cohens_d": 0.5358242392539978
    },
    "winsorized_mean_20": {
      "auroc": 0.6673508565658981,
      "fpr95": 0.8868894601542416,
      "tpr05": 0.11886304909560723,
      "cohens_d": 0.5680432450497634
    },
    "winsorized_mean_30": {
      "auroc": 0.6619304783350937,
      "fpr95": 0.8637532133676092,
      "tpr05": 0.11369509043927649,
      "cohens_d": 0.5688307182483147
    },
    "winsorized_mean_40": {
      "auroc": 0.6612927867785284,
      "fpr95": 0.8817480719794345,
      "tpr05": 0.11627906976744186,
      "cohens_d": 0.5497841483315687
    },
    "z_div_entropy": {
      "auroc": 0.5752642102256498,
      "fpr95": 0.9305912596401028,
      "tpr05": 0.08010335917312661,
      "cohens_d": 0.11553946137428284
    },
    "zlib": {
      "auroc": 0.618793301581608,
      "fpr95": 0.9151670951156813,
      "tpr05": 0.15503875968992248,
      "cohens_d": 0.4239973562661792
    }
  }
}