{
  "model": "microsoft/phi-2",
  "dataset": "WikiMIA_length32",
  "n_samples": 776,
  "seed": 42,
  "timestamp": "2025-12-01T21:19:20.817131",
  "methods": {
    "ensemble_fixed": {
      "auroc": 0.662083258603854,
      "fpr95": 0.8868894601542416,
      "tpr05": 0.11886304909560723,
      "cohens_d": 0.44345882534980774
    },
    "ensemble_robust": {
      "auroc": 0.6714161402390015,
      "fpr95": 0.8997429305912596,
      "tpr05": 0.09560723514211886,
      "cohens_d": 0.5611163377761841
    },
    "entropy_mean": {
      "auroc": 0.48653872979813073,
      "fpr95": 0.9357326478149101,
      "tpr05": 0.06201550387596899,
      "cohens_d": -0.03004547208547592
    },
    "entropy_select_20": {
      "auroc": 0.5389689324644786,
      "fpr95": 0.9408740359897172,
      "tpr05": 0.06459948320413436,
      "cohens_d": 0.1036345511674881
    },
    "entropy_select_30": {
      "auroc": 0.565891472868217,
      "fpr95": 0.9177377892030848,
      "tpr05": 0.07235142118863049,
      "cohens_d": 0.19164156913757324
    },
    "entropy_select_40": {
      "auroc": 0.5901901782215048,
      "fpr95": 0.9177377892030848,
      "tpr05": 0.06459948320413436,
      "cohens_d": 0.23236659169197083
    },
    "entropy_weighted": {
      "auroc": 0.5850288621855549,
      "fpr95": 0.9280205655526992,
      "tpr05": 0.07751937984496124,
      "cohens_d": 0.12478919327259064
    },
    "entropy_weighted_mink_20": {
      "auroc": 0.6482466803504645,
      "fpr95": 0.922879177377892,
      "tpr05": 0.09043927648578812,
      "cohens_d": 0.18481101095676422
    },
    "entropy_weighted_mink_30": {
      "auroc": 0.6051095035969789,
      "fpr95": 0.9151670951156813,
      "tpr05": 0.09819121447028424,
      "cohens_d": 0.13196836411952972
    },
    "entropy_weighted_mink_40": {
      "auroc": 0.5841055379526114,
      "fpr95": 0.9125964010282777,
      "tpr05": 0.1111111111111111,
      "cohens_d": 0.13701845705509186
    },
    "gradient_selected_20": {
      "auroc": 0.6624519240349933,
      "fpr95": 0.884318766066838,
      "tpr05": 0.12144702842377261,
      "cohens_d": 0.42816683650016785
    },
    "gradient_selected_30": {
      "auroc": 0.6608410885926279,
      "fpr95": 0.8920308483290489,
      "tpr05": 0.11627906976744186,
      "cohens_d": 0.44811514019966125
    },
    "gradient_weighted": {
      "auroc": 0.654743163082973,
      "fpr95": 0.8483290488431876,
      "tpr05": 0.10594315245478036,
      "cohens_d": 0.4682213366031647
    },
    "loss": {
      "auroc": 0.5612283533608338,
      "fpr95": 0.922879177377892,
      "tpr05": 0.10594315245478036,
      "cohens_d": 0.21739330424603207
    },
    "low_entropy_only": {
      "auroc": 0.5846900885461297,
      "fpr95": 0.9151670951156813,
      "tpr05": 0.059431524547803614,
      "cohens_d": 0.25292280316352844
    },
    "median_20": {
      "auroc": 0.6516012036428129,
      "fpr95": 0.9125964010282777,
      "tpr05": 0.09560723514211886,
      "cohens_d": 0.48924851417541504
    },
    "median_30": {
      "auroc": 0.6320818636535741,
      "fpr95": 0.9254498714652957,
      "tpr05": 0.09560723514211886,
      "cohens_d": 0.44568124413490295
    },
    "median_40": {
      "auroc": 0.6246886271696458,
      "fpr95": 0.910025706940874,
      "tpr05": 0.10594315245478036,
      "cohens_d": 0.40516868233680725
    },
    "mink_pp_10": {
      "auroc": 0.6461210418285805,
      "fpr95": 0.8894601542416453,
      "tpr05": 0.1111111111111111,
      "cohens_d": 0.3418925702571869
    },
    "mink_pp_20": {
      "auroc": 0.6620998651548062,
      "fpr95": 0.884318766066838,
      "tpr05": 0.11886304909560723,
      "cohens_d": 0.4276200234889984
    },
    "mink_pp_30": {
      "auroc": 0.661133363889387,
      "fpr95": 0.8920308483290489,
      "tpr05": 0.12144702842377261,
      "cohens_d": 0.4481162428855896
    },
    "mink_pp_40": {
      "auroc": 0.660887586935294,
      "fpr95": 0.9023136246786633,
      "tpr05": 0.1111111111111111,
      "cohens_d": 0.45619648694992065
    },
    "mink_pp_50": {
      "auroc": 0.658542741940841,
      "fpr95": 0.8997429305912596,
      "tpr05": 0.09560723514211886,
      "cohens_d": 0.4573415219783783
    },
    "standard_mean_20": {
      "auroc": 0.6620998651548062,
      "fpr95": 0.884318766066838,
      "tpr05": 0.11886304909560723,
      "cohens_d": 0.4276200234889984
    },
    "standard_mean_30": {
      "auroc": 0.661133363889387,
      "fpr95": 0.8920308483290489,
      "tpr05": 0.12144702842377261,
      "cohens_d": 0.4481162428855896
    },
    "standard_mean_40": {
      "auroc": 0.660887586935294,
      "fpr95": 0.9023136246786633,
      "tpr05": 0.1111111111111111,
      "cohens_d": 0.45619648694992065
    },
    "tokenflow": {
      "auroc": 0.6680749021874148,
      "fpr95": 0.8868894601542416,
      "tpr05": 0.10335917312661498,
      "cohens_d": 0.5530849695205688
    },
    "trimmed_mean_20": {
      "auroc": 0.6736580246175511,
      "fpr95": 0.8637532133676092,
      "tpr05": 0.09819121447028424,
      "cohens_d": 0.5698570013046265
    },
    "trimmed_mean_30": {
      "auroc": 0.6680749021874148,
      "fpr95": 0.8868894601542416,
      "tpr05": 0.10335917312661498,
      "cohens_d": 0.5530849695205688
    },
    "trimmed_mean_40": {
      "auroc": 0.6649263001268741,
      "fpr95": 0.897172236503856,
      "tpr05": 0.08785529715762273,
      "cohens_d": 0.5323188304901123
    },
    "winsorized_mean_20": {
      "auroc": 0.673760985233455,
      "fpr95": 0.8740359897172236,
      "tpr05": 0.11627906976744186,
      "cohens_d": 0.5307583593870018
    },
    "winsorized_mean_30": {
      "auroc": 0.6699281932736826,
      "fpr95": 0.8997429305912596,
      "tpr05": 0.09819121447028424,
      "cohens_d": 0.5523220382722103
    },
    "winsorized_mean_40": {
      "auroc": 0.6656138113362959,
      "fpr95": 0.897172236503856,
      "tpr05": 0.09043927648578812,
      "cohens_d": 0.532018912663173
    },
    "z_div_entropy": {
      "auroc": 0.5710660741449287,
      "fpr95": 0.9408740359897172,
      "tpr05": 0.041343669250646,
      "cohens_d": 0.08998651057481766
    },
    "zlib": {
      "auroc": 0.5732448536298598,
      "fpr95": 0.9254498714652957,
      "tpr05": 0.1111111111111111,
      "cohens_d": 0.26317198819912896
    }
  }
}