{
  "model": "EleutherAI/pythia-2.8b",
  "dataset": "WikiMIA_length32",
  "n_samples": 776,
  "seed": 42,
  "timestamp": "2025-12-21T20:15:06.669311",
  "methods": {
    "ensemble_fixed": {
      "auroc": 0.6412387158486279,
      "fpr95": 0.8406169665809768,
      "tpr05": 0.10335917312661498,
      "cohens_d": 0.4200102686882019
    },
    "ensemble_robust": {
      "auroc": 0.6355991311452541,
      "fpr95": 0.8226221079691517,
      "tpr05": 0.09560723514211886,
      "cohens_d": 0.4921858012676239
    },
    "entropy_mean": {
      "auroc": 0.557016932039351,
      "fpr95": 0.922879177377892,
      "tpr05": 0.08527131782945736,
      "cohens_d": 0.19950810074806213
    },
    "entropy_select_20": {
      "auroc": 0.5303135981081817,
      "fpr95": 0.8868894601542416,
      "tpr05": 0.04909560723514212,
      "cohens_d": 0.1623619943857193
    },
    "entropy_select_30": {
      "auroc": 0.5136339783317723,
      "fpr95": 0.8688946015424165,
      "tpr05": 0.031007751937984496,
      "cohens_d": 0.15376102924346924
    },
    "entropy_select_40": {
      "auroc": 0.550739655779412,
      "fpr95": 0.9074550128534704,
      "tpr05": 0.020671834625323,
      "cohens_d": 0.18999676406383514
    },
    "entropy_weighted": {
      "auroc": 0.5698571172356071,
      "fpr95": 0.87146529562982,
      "tpr05": 0.08785529715762273,
      "cohens_d": 0.0905100479722023
    },
    "entropy_weighted_mink_20": {
      "auroc": 0.6186803770351328,
      "fpr95": 0.9305912596401028,
      "tpr05": 0.12661498708010335,
      "cohens_d": 0.15847139060497284
    },
    "entropy_weighted_mink_30": {
      "auroc": 0.6180825412008528,
      "fpr95": 0.9048843187660668,
      "tpr05": 0.09043927648578812,
      "cohens_d": 0.28396227955818176
    },
    "entropy_weighted_mink_40": {
      "auroc": 0.5766857309871598,
      "fpr95": 0.897172236503856,
      "tpr05": 0.08785529715762273,
      "cohens_d": 0.16235394775867462
    },
    "gradient_selected_20": {
      "auroc": 0.6401825392080668,
      "fpr95": 0.8380462724935732,
      "tpr05": 0.10594315245478036,
      "cohens_d": 0.4012410342693329
    },
    "gradient_selected_30": {
      "auroc": 0.6411457191632957,
      "fpr95": 0.8534704370179949,
      "tpr05": 0.09560723514211886,
      "cohens_d": 0.426921546459198
    },
    "gradient_weighted": {
      "auroc": 0.6249709385358336,
      "fpr95": 0.87146529562982,
      "tpr05": 0.06718346253229975,
      "cohens_d": 0.42384371161460876
    },
    "loss": {
      "auroc": 0.6137116969902288,
      "fpr95": 0.8997429305912596,
      "tpr05": 0.14728682170542637,
      "cohens_d": 0.4034952942235398
    },
    "low_entropy_only": {
      "auroc": 0.5606438027673156,
      "fpr95": 0.8868894601542416,
      "tpr05": 0.06201550387596899,
      "cohens_d": 0.22928811609745026
    },
    "median_20": {
      "auroc": 0.6162558205961088,
      "fpr95": 0.884318766066838,
      "tpr05": 0.11886304909560723,
      "cohens_d": 0.4172475337982178
    },
    "median_30": {
      "auroc": 0.6121440385803392,
      "fpr95": 0.8817480719794345,
      "tpr05": 0.13178294573643412,
      "cohens_d": 0.4099386930465698
    },
    "median_40": {
      "auroc": 0.6120045435523405,
      "fpr95": 0.922879177377892,
      "tpr05": 0.12144702842377261,
      "cohens_d": 0.36268654465675354
    },
    "mink_pp_10": {
      "auroc": 0.628617737124941,
      "fpr95": 0.8688946015424165,
      "tpr05": 0.09302325581395349,
      "cohens_d": 0.3139303922653198
    },
    "mink_pp_20": {
      "auroc": 0.639697627920262,
      "fpr95": 0.8431876606683805,
      "tpr05": 0.10594315245478036,
      "cohens_d": 0.39986416697502136
    },
    "mink_pp_30": {
      "auroc": 0.6410527224779631,
      "fpr95": 0.8586118251928021,
      "tpr05": 0.10335917312661498,
      "cohens_d": 0.42496463656425476
    },
    "mink_pp_40": {
      "auroc": 0.642015902433192,
      "fpr95": 0.8431876606683805,
      "tpr05": 0.1111111111111111,
      "cohens_d": 0.4392324984073639
    },
    "mink_pp_50": {
      "auroc": 0.6418830500255741,
      "fpr95": 0.8688946015424165,
      "tpr05": 0.11627906976744186,
      "cohens_d": 0.44275957345962524
    },
    "standard_mean_20": {
      "auroc": 0.639697627920262,
      "fpr95": 0.8431876606683805,
      "tpr05": 0.10594315245478036,
      "cohens_d": 0.39986416697502136
    },
    "standard_mean_30": {
      "auroc": 0.6410527224779631,
      "fpr95": 0.8586118251928021,
      "tpr05": 0.10335917312661498,
      "cohens_d": 0.42496463656425476
    },
    "standard_mean_40": {
      "auroc": 0.642015902433192,
      "fpr95": 0.8431876606683805,
      "tpr05": 0.1111111111111111,
      "cohens_d": 0.4392324984073639
    },
    "tokenflow": {
      "auroc": 0.6354197803949702,
      "fpr95": 0.8329048843187661,
      "tpr05": 0.09560723514211886,
      "cohens_d": 0.48835572600364685
    },
    "trimmed_mean_20": {
      "auroc": 0.6326963060388062,
      "fpr95": 0.8329048843187661,
      "tpr05": 0.10594315245478036,
      "cohens_d": 0.4881180226802826
    },
    "trimmed_mean_30": {
      "auroc": 0.6354197803949702,
      "fpr95": 0.8329048843187661,
      "tpr05": 0.09560723514211886,
      "cohens_d": 0.48835572600364685
    },
    "trimmed_mean_40": {
      "auroc": 0.6355725606637306,
      "fpr95": 0.8663239074550129,
      "tpr05": 0.1111111111111111,
      "cohens_d": 0.4778876006603241
    },
    "winsorized_mean_20": {
      "auroc": 0.639405352623503,
      "fpr95": 0.8046272493573264,
      "tpr05": 0.09819121447028424,
      "cohens_d": 0.4910155990621786
    },
    "winsorized_mean_30": {
      "auroc": 0.6384886710109404,
      "fpr95": 0.8354755784061697,
      "tpr05": 0.08785529715762273,
      "cohens_d": 0.5044938294083947
    },
    "winsorized_mean_40": {
      "auroc": 0.636256750562962,
      "fpr95": 0.8663239074550129,
      "tpr05": 0.09819121447028424,
      "cohens_d": 0.48176032214063774
    },
    "z_div_entropy": {
      "auroc": 0.5868223696883947,
      "fpr95": 0.9125964010282777,
      "tpr05": 0.06459948320413436,
      "cohens_d": 0.07421695441007614
    },
    "zlib": {
      "auroc": 0.6214702775951058,
      "fpr95": 0.8920308483290489,
      "tpr05": 0.15762273901808785,
      "cohens_d": 0.4381454142178223
    }
  }
}